-- phpMyAdmin SQL Dump
-- version 4.7.4
-- https://www.phpmyadmin.net/
--
-- Host: 127.0.0.1:3306
-- Generation Time: Dec 14, 2017 at 08:52 AM
-- Server version: 5.7.19
-- PHP Version: 7.1.9

SET SQL_MODE = "NO_AUTO_VALUE_ON_ZERO";
SET AUTOCOMMIT = 0;
START TRANSACTION;
SET time_zone = "+00:00";


/*!40101 SET @OLD_CHARACTER_SET_CLIENT=@@CHARACTER_SET_CLIENT */;
/*!40101 SET @OLD_CHARACTER_SET_RESULTS=@@CHARACTER_SET_RESULTS */;
/*!40101 SET @OLD_COLLATION_CONNECTION=@@COLLATION_CONNECTION */;
/*!40101 SET NAMES utf8mb4 */;

--
-- Database: `datphongks_nh`
--

-- --------------------------------------------------------

--
-- Table structure for table `migrations`
--

DROP TABLE IF EXISTS `migrations`;
CREATE TABLE IF NOT EXISTS `migrations` (
  `id` int(10) UNSIGNED NOT NULL AUTO_INCREMENT,
  `migration` varchar(191) COLLATE utf8mb4_unicode_ci NOT NULL,
  `batch` int(11) NOT NULL,
  PRIMARY KEY (`id`)
) ENGINE=MyISAM AUTO_INCREMENT=9 DEFAULT CHARSET=utf8mb4 COLLATE=utf8mb4_unicode_ci;

--
-- Dumping data for table `migrations`
--

INSERT INTO `migrations` (`id`, `migration`, `batch`) VALUES
(1, '2014_10_12_000000_create_users_table', 1),
(2, '2014_10_12_100000_create_password_resets_table', 1),
(3, '2017_11_11_150333_create_khachdat_table', 1),
(4, '2017_11_11_150439_create_loaiphong_table', 1),
(5, '2017_11_11_150857_create_phong_table', 1),
(6, '2017_11_11_151007_create_datphong_table', 1),
(7, '2017_11_11_151041_create_loaiban_table', 1),
(8, '2017_11_11_151105_create_datban_table', 1);

-- --------------------------------------------------------

--
-- Table structure for table `password_resets`
--

DROP TABLE IF EXISTS `password_resets`;
CREATE TABLE IF NOT EXISTS `password_resets` (
  `email` varchar(191) COLLATE utf8mb4_unicode_ci NOT NULL,
  `token` varchar(191) COLLATE utf8mb4_unicode_ci NOT NULL,
  `created_at` timestamp NULL DEFAULT NULL,
  KEY `password_resets_email_index` (`email`)
) ENGINE=InnoDB DEFAULT CHARSET=utf8mb4 COLLATE=utf8mb4_unicode_ci;

-- --------------------------------------------------------

--
-- Table structure for table `tbl_datban`
--

DROP TABLE IF EXISTS `tbl_datban`;
CREATE TABLE IF NOT EXISTS `tbl_datban` (
  `id` int(10) UNSIGNED NOT NULL AUTO_INCREMENT,
  `id_loaiBan` int(10) UNSIGNED NOT NULL,
  `id_khachDatBan` int(10) UNSIGNED NOT NULL,
  `slKhach` int(11) NOT NULL,
  `slBan` int(11) NOT NULL,
  `tongTien` int(11) NOT NULL,
  `ngayNhan` date NOT NULL,
  `gioNhan` time NOT NULL,
  `diaDiemDatBan` text CHARACTER SET utf8 COLLATE utf8_unicode_ci NOT NULL,
  `ghiChu` longtext CHARACTER SET utf8 COLLATE utf8_unicode_ci,
  `trangThai` int(11) NOT NULL,
  `created_at` timestamp NULL DEFAULT NULL,
  `updated_at` timestamp NULL DEFAULT NULL,
  PRIMARY KEY (`id`),
  KEY `tbl_datban_id_loaiban_foreign` (`id_loaiBan`),
  KEY `tbl_datban_id_khachdatban_foreign` (`id_khachDatBan`)
) ENGINE=InnoDB DEFAULT CHARSET=utf8mb4 COLLATE=utf8mb4_unicode_ci;

-- --------------------------------------------------------

--
-- Table structure for table `tbl_datphong`
--

DROP TABLE IF EXISTS `tbl_datphong`;
CREATE TABLE IF NOT EXISTS `tbl_datphong` (
  `id` int(10) UNSIGNED NOT NULL AUTO_INCREMENT,
  `id_khachDatPhong` int(10) UNSIGNED NOT NULL,
  `ngayNhanPhong` date NOT NULL,
  `ngayTraPhong` date NOT NULL,
  `id_soPhong` int(10) UNSIGNED NOT NULL,
  `soNguoiLon` int(11) NOT NULL,
  `soTreEm` int(11) NOT NULL,
  `tongTien` int(11) NOT NULL,
  `trangThai` int(11) NOT NULL,
  `created_at` timestamp NULL DEFAULT NULL,
  `updated_at` timestamp NULL DEFAULT NULL,
  PRIMARY KEY (`id`),
  KEY `tbl_datphong_id_sophong_foreign` (`id_soPhong`),
  KEY `tbl_datphong_id_khachdatphong_foreign` (`id_khachDatPhong`)
) ENGINE=InnoDB DEFAULT CHARSET=utf8mb4 COLLATE=utf8mb4_unicode_ci;

-- --------------------------------------------------------

--
-- Table structure for table `tbl_khachdat`
--

DROP TABLE IF EXISTS `tbl_khachdat`;
CREATE TABLE IF NOT EXISTS `tbl_khachdat` (
  `id` int(10) UNSIGNED NOT NULL AUTO_INCREMENT,
  `hoTen` text CHARACTER SET utf8 COLLATE utf8_unicode_ci NOT NULL,
  `cmnd` int(11) NOT NULL,
  `sdt` int(11) NOT NULL,
  `email` varchar(191) COLLATE utf8mb4_unicode_ci DEFAULT NULL,
  `created_at` timestamp NULL DEFAULT NULL,
  `updated_at` timestamp NULL DEFAULT NULL,
  PRIMARY KEY (`id`)
) ENGINE=InnoDB DEFAULT CHARSET=utf8mb4 COLLATE=utf8mb4_unicode_ci;

-- --------------------------------------------------------

--
-- Table structure for table `tbl_loaiban`
--

DROP TABLE IF EXISTS `tbl_loaiban`;
CREATE TABLE IF NOT EXISTS `tbl_loaiban` (
  `id` int(10) UNSIGNED NOT NULL AUTO_INCREMENT,
  `tenLoaiBan` text CHARACTER SET utf8 COLLATE utf8_unicode_ci NOT NULL,
  `hinhAnhMinhHoa` text COLLATE utf8mb4_unicode_ci NOT NULL,
  `moTa` longtext CHARACTER SET utf8 COLLATE utf8_unicode_ci NOT NULL,
  `donGiaLoaiBan` int(11) NOT NULL,
  `created_at` timestamp NULL DEFAULT NULL,
  `updated_at` timestamp NULL DEFAULT NULL,
  PRIMARY KEY (`id`)
) ENGINE=InnoDB AUTO_INCREMENT=5 DEFAULT CHARSET=utf8mb4 COLLATE=utf8mb4_unicode_ci;

--
-- Dumping data for table `tbl_loaiban`
--

INSERT INTO `tbl_loaiban` (`id`, `tenLoaiBan`, `hinhAnhMinhHoa`, `moTa`, `donGiaLoaiBan`, `created_at`, `updated_at`) VALUES
(1, 'Bàn tròn', 'bantron.jpg', '- Tối đa: 10 người/bàn.\r\n- Đơn giá đã bao gồm: phí phục vụ và trang trí bàn.', 1800000, '2017-12-14 02:18:53', '2017-12-14 02:18:53'),
(2, 'Bàn dài', 'bandai.gif', '- Tối đa: 12 người/bàn.\r\n- Đơn giá đã bao gồm: phí phục vụ và trang trí bàn.', 2000000, '2017-12-14 02:19:32', '2017-12-14 02:20:21'),
(3, 'Bàn 4 người', 'ban4.png', '- Tối đa: 4 người/bàn.\r\n- Đơn giá đã bao gồm: phí phục vụ và trang trí bàn.', 1700000, '2017-12-14 02:19:54', '2017-12-14 02:19:54'),
(4, 'Bàn 2 người', 'ban2.jpg', '- Tối đa: 2 người/bàn.\r\n- Đơn giá đã bao gồm: phí phục vụ và trang trí bàn.', 1500000, '2017-12-14 02:20:11', '2017-12-14 02:20:11');

-- --------------------------------------------------------

--
-- Table structure for table `tbl_loaiphong`
--

DROP TABLE IF EXISTS `tbl_loaiphong`;
CREATE TABLE IF NOT EXISTS `tbl_loaiphong` (
  `id` int(10) UNSIGNED NOT NULL AUTO_INCREMENT,
  `tenLoaiPhong` text CHARACTER SET utf8 COLLATE utf8_unicode_ci NOT NULL,
  `giaLoaiPhong` int(11) NOT NULL,
  `hinhAnhMinhHoa` text COLLATE utf8mb4_unicode_ci NOT NULL,
  `moTa` longtext CHARACTER SET utf8 COLLATE utf8_unicode_ci NOT NULL,
  `created_at` timestamp NULL DEFAULT NULL,
  `updated_at` timestamp NULL DEFAULT NULL,
  PRIMARY KEY (`id`)
) ENGINE=InnoDB AUTO_INCREMENT=7 DEFAULT CHARSET=utf8mb4 COLLATE=utf8mb4_unicode_ci;

--
-- Dumping data for table `tbl_loaiphong`
--

INSERT INTO `tbl_loaiphong` (`id`, `tenLoaiPhong`, `giaLoaiPhong`, `hinhAnhMinhHoa`, `moTa`, `created_at`, `updated_at`) VALUES
(3, 'Double Room', 3500000, 'doubleroom.jpg', 'Loại phòng Double Room bao gồm:\r\n- 2 giường đôi.\r\n- Máy lạnh, TV, tủ lạnh mini.\r\n- Truyền hình cáp, Wifi.\r\n- Nước nóng-lạnh.', '2017-12-14 02:06:57', '2017-12-14 02:06:57'),
(4, 'Twin Room', 2800000, 'twinroom.jpg', 'Loại phòng Twin Room bao gồm:\r\n- 2 giường đơn.\r\n- Máy lạnh, TV, tủ lạnh mini.\r\n- Truyền hình cáp, Wifi.\r\n- Nước nóng-lạnh.', '2017-12-14 02:08:04', '2017-12-14 02:08:04'),
(5, 'Single Room', 2500000, 'singleroom.jpg', 'Loại phòng Single Room bao gồm:\r\n- 1 giường đơn.\r\n- Máy lạnh, TV, tủ lạnh mini.\r\n- Truyền hình cáp, Wifi.\r\n- Nước nóng-lạnh.', '2017-12-14 02:09:11', '2017-12-14 02:09:11'),
(6, 'Family Room', 3200000, 'familyroom.jpg', 'Loại phòng Family Room bao gồm:\r\n- 1 giường đôi + 1 giường đơn.\r\n- Máy lạnh, TV, tủ lạnh mini.\r\n- Truyền hình cáp, Wifi.\r\n- Nước nóng-lạnh.', '2017-12-14 02:10:14', '2017-12-14 02:10:14');

-- --------------------------------------------------------

--
-- Table structure for table `tbl_phong`
--

DROP TABLE IF EXISTS `tbl_phong`;
CREATE TABLE IF NOT EXISTS `tbl_phong` (
  `id` int(10) UNSIGNED NOT NULL AUTO_INCREMENT,
  `soPhong` varchar(191) COLLATE utf8mb4_unicode_ci NOT NULL,
  `id_loaiphong` int(10) UNSIGNED NOT NULL,
  `trangThai` int(11) NOT NULL,
  `created_at` timestamp NULL DEFAULT NULL,
  `updated_at` timestamp NULL DEFAULT NULL,
  PRIMARY KEY (`id`),
  KEY `tbl_phong_id_loaiphong_foreign` (`id_loaiphong`)
) ENGINE=InnoDB AUTO_INCREMENT=21 DEFAULT CHARSET=utf8mb4 COLLATE=utf8mb4_unicode_ci;

--
-- Dumping data for table `tbl_phong`
--

INSERT INTO `tbl_phong` (`id`, `soPhong`, `id_loaiphong`, `trangThai`, `created_at`, `updated_at`) VALUES
(1, 'DR100', 3, 0, '2017-12-14 02:11:31', '2017-12-14 02:11:31'),
(2, 'DR101', 3, 0, '2017-12-14 02:11:37', '2017-12-14 02:11:37'),
(3, 'DR102', 3, 0, '2017-12-14 02:11:42', '2017-12-14 02:11:42'),
(4, 'DR103', 3, 0, '2017-12-14 02:11:51', '2017-12-14 02:11:51'),
(5, 'DR104', 3, 0, '2017-12-14 02:11:56', '2017-12-14 02:11:56'),
(6, 'TR100', 4, 0, '2017-12-14 02:12:11', '2017-12-14 02:12:11'),
(7, 'TR101', 4, 0, '2017-12-14 02:12:16', '2017-12-14 02:12:16'),
(8, 'TR102', 4, 0, '2017-12-14 02:12:23', '2017-12-14 02:12:23'),
(9, 'TR103', 4, 0, '2017-12-14 02:12:27', '2017-12-14 02:12:27'),
(10, 'TR104', 4, 0, '2017-12-14 02:12:32', '2017-12-14 02:12:32'),
(11, 'SR100', 5, 0, '2017-12-14 02:12:41', '2017-12-14 02:12:41'),
(12, 'SR101', 5, 0, '2017-12-14 02:12:45', '2017-12-14 02:12:45'),
(13, 'SR102', 5, 0, '2017-12-14 02:12:49', '2017-12-14 02:12:49'),
(14, 'SR103', 5, 0, '2017-12-14 02:12:54', '2017-12-14 02:12:54'),
(15, 'SR104', 5, 0, '2017-12-14 02:12:59', '2017-12-14 02:12:59'),
(16, 'FR100', 6, 0, '2017-12-14 02:13:07', '2017-12-14 02:13:07'),
(17, 'FR101', 6, 0, '2017-12-14 02:13:13', '2017-12-14 02:13:13'),
(18, 'FR102', 6, 0, '2017-12-14 02:13:19', '2017-12-14 02:13:19'),
(19, 'FR103', 6, 0, '2017-12-14 02:13:23', '2017-12-14 02:13:23'),
(20, 'FR104', 6, 0, '2017-12-14 02:13:28', '2017-12-14 02:13:28');

-- --------------------------------------------------------

--
-- Table structure for table `tbl_users`
--

DROP TABLE IF EXISTS `tbl_users`;
CREATE TABLE IF NOT EXISTS `tbl_users` (
  `id` int(10) UNSIGNED NOT NULL AUTO_INCREMENT,
  `name` varchar(191) COLLATE utf8mb4_unicode_ci NOT NULL,
  `email` varchar(191) COLLATE utf8mb4_unicode_ci NOT NULL,
  `password` varchar(191) COLLATE utf8mb4_unicode_ci NOT NULL,
  `phanQuyen` int(11) NOT NULL,
  `remember_token` varchar(100) COLLATE utf8mb4_unicode_ci DEFAULT NULL,
  `created_at` timestamp NULL DEFAULT NULL,
  `updated_at` timestamp NULL DEFAULT NULL,
  PRIMARY KEY (`id`),
  UNIQUE KEY `tbl_users_email_unique` (`email`)
) ENGINE=InnoDB AUTO_INCREMENT=3 DEFAULT CHARSET=utf8mb4 COLLATE=utf8mb4_unicode_ci;

--
-- Dumping data for table `tbl_users`
--

INSERT INTO `tbl_users` (`id`, `name`, `email`, `password`, `phanQuyen`, `remember_token`, `created_at`, `updated_at`) VALUES
(1, 'Administrator', 'admin@gmail.com', '$2y$10$yflPAKo1FVvdRzOBEt83fuFGhqAUe5tFXsKt0LNyBwHSVN9VsR2RG', 1, NULL, NULL, '2017-12-14 02:21:43'),
(2, 'Kim Dương', 'phkduong@gmail.com', '$2y$10$z6LT0f0UzLmc/dMk0NUhZepBqZRWCsk/.otW6W74yeFOwt.E6ab2S', 2, NULL, '2017-12-14 02:21:28', '2017-12-14 02:21:28');

--
-- Constraints for dumped tables
--

--
-- Constraints for table `tbl_datban`
--
ALTER TABLE `tbl_datban`
  ADD CONSTRAINT `tbl_datban_id_khachdatban_foreign` FOREIGN KEY (`id_khachDatBan`) REFERENCES `tbl_khachdat` (`id`),
  ADD CONSTRAINT `tbl_datban_id_loaiban_foreign` FOREIGN KEY (`id_loaiBan`) REFERENCES `tbl_loaiban` (`id`);

--
-- Constraints for table `tbl_datphong`
--
ALTER TABLE `tbl_datphong`
  ADD CONSTRAINT `tbl_datphong_id_khachdatphong_foreign` FOREIGN KEY (`id_khachDatPhong`) REFERENCES `tbl_khachdat` (`id`),
  ADD CONSTRAINT `tbl_datphong_id_sophong_foreign` FOREIGN KEY (`id_soPhong`) REFERENCES `tbl_phong` (`id`);

--
-- Constraints for table `tbl_phong`
--
ALTER TABLE `tbl_phong`
  ADD CONSTRAINT `tbl_phong_id_loaiphong_foreign` FOREIGN KEY (`id_loaiphong`) REFERENCES `tbl_loaiphong` (`id`);
COMMIT;

/*!40101 SET CHARACTER_SET_CLIENT=@OLD_CHARACTER_SET_CLIENT */;
/*!40101 SET CHARACTER_SET_RESULTS=@OLD_CHARACTER_SET_RESULTS */;
/*!40101 SET COLLATION_CONNECTION=@OLD_COLLATION_CONNECTION */;
